{"n_estimators": 100, "random_state": 10, "learning_rate": 0.22259988217701235, "num_leaves": 740, "max_depth": 9, "lambda_l1": 71, "lambda_l2": 49, "min_gain_to_split": 7, "bagging_fraction": 0.8409931896949714, "bagging_freq": 1, "colsample_bytree": 0.8816644357535084, "class_weight": "balanced"}